{
  "applicationId": "js.neutralino.zero",
  "version": "1.0.0",
  "defaultMode": "window",
  "documentRoot": "/gui/build/",
  "url": "/",
  "enableServer": true,
  "enableNativeAPI": true,
  "enableExtensions": true,
  "tokenSecurity": "one-time",
  "nativeAllowList": [
    "app.*",
    "clipboard.*",
    "computer.*",
    "custom.*",
    "debug.*",
    "events.*",
    "extensions.*",
    "filesystem.*",
    "init.*",
    "os.*",
    "storage.*",
    "updater.*",
    "window.*",
    "resources.*",
    "server.*"
  ],
  "modes": {
    "window": {
      "title": "app",
      "width": 800,
      "height": 500,
      "minWidth": 400,
      "minHeight": 200,
      "fullScreen": false,
      "alwaysOnTop": false,
      "icon": "/gui/build/icon.png",
      "enableInspector": true,
      "borderless": false,
      "maximize": false,
      "hidden": false,
      "center": true,
      "useSavedState": false,
      "resizable": true,
      "exitProcessOnClose": false
    }
  },
  "globalVariables": {
    "HOLA": "hola como estas"
  },
  "cli": {
    "binaryName": "app",
    "resourcesPath": "/gui/build/",
    "extensionsPath": "/extensions/",
    "clientLibrary": "/gui/build/neutralino.js",
    "binaryVersion": "6.2.0",
    "clientVersion": "6.2.0"
  },
  "extensions": [
    {
        "id": "extNode",
        "commandDarwin": "${NL_PATH}/extensions/node_v24.5.0_linux_x64/bin/node ${NL_PATH}/extensions/main.js",
        "commandLinux": "${NL_PATH}/extensions/node_v24.5.0_linux_x64/bin/node ${NL_PATH}/extensions/main.js",
        "commandWindows": "${NL_PATH}\\extensions\\node_v24.5.0_linux_x64\\bin\\node.exe ${NL_PATH}\\extensions\\main.js"
    }
  ]
}